"Geography","British Columbia",,,,,,,,,,,,,,,,,,,,,,,,,,,,,,,,,,,,,,,,,,,,,,,,,,,,,,,,,,,,,,,,,,,,,,,,,,,,,,,,,,,,,,,,
"Products","August 2017","September 2017","October 2017","November 2017","December 2017","January 2018","February 2018","March 2018","April 2018","May 2018","June 2018","July 2018","August 2018","September 2018","October 2018","November 2018","December 2018","January 2019","February 2019","March 2019","April 2019","May 2019","June 2019","July 2019","August 2019","September 2019","October 2019","November 2019","December 2019","January 2020","February 2020","March 2020","April 2020","May 2020","June 2020","July 2020","August 2020","September 2020","October 2020","November 2020","December 2020","January 2021","February 2021","March 2021","April 2021","May 2021","June 2021","July 2021","August 2021","September 2021","October 2021","November 2021","December 2021","January 2022","February 2022","March 2022","April 2022","May 2022","June 2022","July 2022","August 2022","September 2022","October 2022","November 2022","December 2022","January 2023","February 2023","March 2023","April 2023","May 2023","June 2023","July 2023","August 2023","September 2023","October 2023","November 2023","December 2023","January 2024","February 2024","March 2024","April 2024","May 2024","June 2024","July 2024","August 2024","September 2024","October 2024","November 2024","December 2024"
,"Dollars",,,,,,,,,,,,,,,,,,,,,,,,,,,,,,,,,,,,,,,,,,,,,,,,,,,,,,,,,,,,,,,,,,,,,,,,,,,,,,,,,,,,,,,,
"Beef stewing cuts, per kilogram 4","13.14","13.00","12.92","12.84","13.82","13.33","13.78","13.59","13.71","13.17","13.25","13.12","13.37","13.91","12.40","12.23","14.25","14.29","14.24","13.76","13.33","14.11","14.54","14.20","13.61","13.51","13.18","14.40","14.07","14.38","14.49","15.35","14.74","17.73","19.68","17.39","16.31","15.49","14.59","15.42","14.23","15.22","15.14","14.72","15.05","15.47","16.37","15.92","16.24","16.26","16.85","18.05","18.38","17.75","16.70","18.00","19.21","19.28","18.69","18.57","18.48","16.75","17.13","19.80","19.90","18.04","17.07","18.75","20.40","18.92","20.09","19.82","20.71","18.78","16.64","20.47","20.42","18.29","18.44","18.13","20.69","21.28","21.05","19.84","20.43","19.71","21.36","20.27","21.35"
"Beef striploin cuts, per kilogram 4","23.53","22.21","18.71","18.32","20.72","21.85","22.04","21.43","20.79","22.46","25.53","21.99","24.25","26.11","21.64","21.93","22.59","22.55","20.33","25.11","19.37","23.46","23.96","27.64","26.46","21.62","28.30","23.17","22.85","24.94","21.66","27.80","21.28","30.23","33.93","29.97","27.62","23.86","26.30","23.72","21.69","25.58","23.65","25.92","25.14","24.97","28.42","27.42","27.12","26.79","26.39","29.11","25.02","27.04","27.50","33.48","27.71","25.42","30.16","24.33","24.10","26.69","27.14","28.92","20.63","29.33","24.02","28.99","30.09","32.46","31.12","35.59","27.15","29.80","30.30","31.75","24.06","31.15","28.29","29.62","26.61","33.55","31.09","31.63","31.73","34.38","30.07","31.80","29.77"
"Beef top sirloin cuts, per kilogram 4","16.45","14.82","15.79","13.50","13.10","14.15","14.92","15.98","13.21","15.38","14.34","18.38","14.97","13.29","15.60","15.19","13.96","13.96","16.01","17.80","18.29","19.64","16.54","14.46","14.77","15.80","15.06","16.60","17.26","16.40","16.28","16.99","17.39","21.91","21.10","18.07","17.10","18.93","16.61","16.77","15.80","17.49","14.87","16.22","16.75","14.96","16.43","18.03","17.82","18.28","19.38","22.46","18.36","20.89","21.03","19.47","23.18","22.54","17.26","20.96","19.64","22.22","18.35","18.65","19.43","20.35","20.53","22.59","18.28","20.44","20.77","21.79","24.93","25.40","18.11","22.32","24.11","21.25","24.97","18.93","25.37","26.82","25.23","26.35","24.08","24.70","24.69","23.23","22.77"
"Beef rib cuts, per kilogram 4","20.47","20.10","14.60","22.12","14.65","21.58","21.37","21.49","17.91","19.48","19.03","21.04","19.79","19.00","18.60","22.26","21.78","23.93","22.85","23.37","22.48","23.66","22.34","20.48","22.72","18.85","19.82","24.19","20.26","25.49","25.37","25.65","22.76","22.98","26.89","25.97","27.12","19.31","21.18","25.88","24.01","25.46","24.85","23.92","26.53","23.85","25.51","30.37","28.19","31.73","25.83","32.46","25.74","30.98","32.14","32.05","28.51","24.63","29.21","26.19","32.49","27.99","26.40","29.38","25.18","29.11","32.63","31.60","25.26","26.72","28.68","28.60","31.47","30.25","25.63","30.84","28.48","33.75","36.73","27.72","35.41","30.89","30.72","35.39","31.64","36.10","28.59","33.69","29.50"
"Ground beef, per kilogram 4","9.71","9.42","8.84","9.13","8.99","9.03","8.66","9.05","9.36","9.98","9.01","9.01","8.93","9.32","9.14","9.41","8.37","8.83","8.76","8.48","8.87","9.07","9.37","9.00","8.78","9.26","8.95","9.81","9.78","10.18","10.11","10.41","10.86","11.13","11.28","10.12","8.70","9.60","9.42","10.09","10.15","9.75","10.00","9.97","9.64","9.78","9.84","10.12","9.98","11.02","10.30","12.23","10.41","11.07","10.72","10.42","10.93","10.60","10.74","10.88","11.06","11.47","10.21","11.52","11.76","11.23","11.11","11.20","11.66","11.30","12.34","11.38","11.16","12.81","11.45","12.10","12.00","12.07","12.11","12.00","12.44","14.10","13.34","13.16","14.05","14.38","14.77","14.46","15.11"
"Pork loin cuts, per kilogram 4","9.83","8.15","9.17","10.01","9.27","8.74","7.72","7.80","9.43","8.56","9.39","7.40","9.42","10.24","9.31","8.07","9.87","8.05","10.35","8.40","10.31","9.18","10.16","8.31","10.32","8.06","9.11","7.44","8.98","8.94","8.97","9.76","8.77","10.92","11.77","9.12","9.99","9.23","8.74","8.83","8.63","9.10","9.09","8.59","8.66","9.31","10.24","9.79","9.32","10.02","9.97","10.19","9.69","9.42","9.65","9.30","10.88","10.09","9.91","10.09","9.61","9.37","9.03","9.56","8.57","9.87","8.10","8.53","10.59","8.53","10.55","10.73","10.14","9.52","8.95","10.08","9.49","10.70","8.79","10.55","8.82","8.91","10.25","9.41","10.00","10.06","9.72","9.80","8.92"
"Pork rib cuts, per kilogram 4","7.50","10.72","7.37","8.44","10.87","9.37","9.62","9.02","6.87","7.73","7.64","7.56","7.85","8.02","6.68","10.08","9.91","8.17","8.61","9.67","10.02","9.65","8.72","8.90","9.82","10.33","7.66","9.56","8.87","9.70","9.40","9.47","10.30","9.02","11.15","10.77","9.46","10.59","10.84","10.24","10.51","9.78","7.46","9.35","9.84","10.79","11.85","11.28","12.71","10.95","11.82","11.10","11.73","10.74","10.74","11.17","12.09","11.54","11.60","12.50","11.55","10.80","10.98","9.34","10.96","9.58","10.33","10.11","9.78","10.44","9.10","9.18","10.24","10.09","10.41","8.93","9.83","9.30","9.70","10.25","9.92","9.04","10.18","9.45","9.21","9.18","9.09","9.46","9.19"
"Pork shoulder cuts, per kilogram 4","8.10","7.68","7.79","4.97","7.74","7.34","7.32","6.89","7.39","3.62","7.31","5.28","5.53","9.12","4.97","7.42","8.69","7.57","4.28","6.60","8.51","4.70","6.20","9.29","9.07","9.52","5.09","7.67","9.48","8.73","5.32","8.77","7.97","5.04","6.65","5.36","4.65","4.59","4.64","5.27","6.27","7.98","4.91","8.12","6.86","6.56","5.89","5.99","5.08","9.37","8.43","7.12","6.27","8.20","7.19","6.94","7.96","7.11","7.07","6.50","7.10","6.70","8.88","7.96","6.19","6.28","6.73","9.03","8.25","9.11","9.17","6.67","10.54","6.41","10.72","9.01","7.22","6.92","9.91","9.73","10.16","10.16","11.77","8.00","8.53","6.96","8.82","9.55","10.49"
"Whole chicken, per kilogram 4","6.69","6.94","6.94","5.81","6.73","5.94","6.61","5.79","7.01","5.94","5.49","6.59","6.30","6.79","5.78","5.82","7.65","6.51","6.34","5.93","7.24","6.53","6.26","5.77","6.73","5.51","6.43","5.74","6.66","6.46","5.92","6.93","7.32","6.43","6.14","6.46","6.28","5.88","6.83","6.29","8.29","5.84","6.70","6.12","7.36","6.73","6.12","6.52","7.32","6.45","6.81","7.41","7.34","6.85","5.98","7.18","6.48","5.98","5.99","6.88","7.65","6.89","8.81","7.82","9.08","7.90","8.72","6.90","8.03","6.89","8.49","8.59","7.95","7.30","8.20","8.95","8.49","6.51","7.02","7.59","7.80","8.49","7.36","8.13","7.20","8.22","7.08","8.45","8.53"
"Chicken breasts, per kilogram 4","12.48","12.82","14.15","13.49","13.89","13.43","12.87","13.11","12.69","13.61","13.39","12.54","13.06","13.84","13.06","13.59","13.45","13.04","12.78","13.32","13.05","12.27","12.78","13.63","12.29","13.90","13.34","12.87","13.59","14.08","14.09","14.52","14.40","12.37","13.30","12.88","13.29","13.14","14.75","13.93","13.75","14.32","14.35","13.74","13.15","13.16","13.51","14.14","14.67","14.61","15.26","15.44","14.30","14.56","14.45","14.69","15.26","16.80","15.18","16.54","15.44","17.51","16.45","16.25","16.64","16.33","15.54","16.71","17.37","16.31","16.70","15.64","17.11","16.60","16.81","16.24","16.16","17.28","16.89","18.18","15.68","17.36","16.32","16.14","16.99","17.05","16.14","17.42","16.15"
"Chicken thigh, per kilogram 4","9.94","9.89","9.21","10.05","8.92","9.64","9.25","9.74","10.55","9.86","9.57","9.57","11.39","10.88","11.09","10.89","11.25","9.89","9.76","9.66","9.99","10.03","10.34","10.25","9.77","10.43","10.33","10.57","10.33","9.53","10.93","9.17","10.04","8.67","9.84","10.71","10.28","11.56","9.40","11.28","10.83","9.44","10.59","8.94","10.34","9.57","10.45","11.56","11.02","10.98","11.75","11.89","11.29","11.47","11.54","9.85","11.95","11.01","11.18","12.29","11.64","12.71","13.38","13.31","12.88","12.33","13.49","12.93","12.90","13.15","13.61","13.58","13.63","13.03","12.70","13.93","14.42","12.11","12.62","11.78","12.29","12.47","12.76","12.22","12.63","12.00","12.61","11.87","12.29"
"Chicken drumsticks, per kilogram 4","5.80","6.58","5.55","5.70","6.05","6.14","5.57","6.77","6.45","6.11","5.77","5.61","6.23","7.18","6.99","6.98","7.30","6.32","6.41","6.28","6.30","6.37","5.40","5.97","5.61","6.85","6.76","6.11","6.78","5.28","6.94","5.65","7.05","6.07","6.30","6.65","6.33","6.26","5.59","5.96","6.66","5.56","6.42","5.66","7.05","6.64","5.80","6.54","6.46","6.50","7.63","7.65","6.89","6.70","7.72","6.10","7.72","6.33","6.85","7.55","7.98","8.53","7.72","8.98","7.81","9.03","7.99","7.15","7.07","7.03","6.56","7.52","6.60","8.47","7.83","8.53","8.95","7.97","8.60","8.08","7.92","6.60","8.57","7.84","6.61","7.11","7.31","6.37","7.84"
"Bacon, 500 grams 5","6.37","6.33","6.13","5.69","5.97","6.15","6.03","5.74","6.08","5.79","5.41","5.83","6.38","6.10","6.24","6.30","6.38","6.39","6.24","6.10","6.26","5.96","6.19","5.73","5.85","6.29","5.97","6.19","6.47","6.20","5.92","6.04","6.07","5.56","6.36","6.23","6.09","5.93","6.06","6.30","6.55","6.16","6.33","6.17","6.29","6.52","6.61","6.88","7.01","7.17","6.97","7.59","7.58","7.21","7.24","7.23","7.40","7.59","7.26","7.49","7.53","7.45","7.38","7.40","7.86","7.27","7.14","7.23","6.77","6.59","6.46","6.98","6.92","7.48","7.43","7.21","7.38","6.93","7.00","6.91","7.08","7.20","7.16","7.22","7.08","6.99","7.38","7.31","7.71"
"Wieners, 400 grams 5","3.39","3.43","3.54","3.41","3.68","3.54","3.39","3.80","3.34","3.70","3.73","3.59","3.58","3.59","3.44","3.56","3.83","3.52","3.49","3.81","3.74","3.50","3.71","3.74","3.92","3.70","3.76","3.76","4.17","3.86","3.62","3.96","4.26","4.00","4.05","4.03","4.05","4.00","4.05","3.99","4.17","3.76","4.12","4.03","3.96","4.04","3.88","4.21","4.19","4.14","4.16","4.21","4.57","4.38","4.35","4.24","4.26","4.30","4.41","4.53","4.37","4.40","4.43","4.40","4.69","4.32","4.43","4.60","4.30","4.44","4.43","4.35","4.31","4.39","4.34","4.46","4.80","4.33","4.23","4.58","4.26","4.52","4.60","4.54","4.56","4.67","4.71","4.62","4.80"
"Salmon, per kilogram 4","18.62","25.32","22.18","23.44","24.13","20.94","21.53","24.73","26.66","26.29","26.22","25.13","21.50","26.28","27.10","27.49","26.43","28.49","29.04","28.28","28.17","28.46","29.25","25.04","23.44","25.07","25.27","26.44","27.29","25.20","24.29","23.43","25.99","26.87","27.28","25.08","19.97","24.08","24.32","24.38","24.56","23.01","23.79","23.11","24.18","23.54","25.42","26.07","23.51","27.06","27.68","26.83","26.64","27.11","25.96","26.38","27.65","28.04","28.35","27.44","25.38","27.61","26.38","27.77","30.26","30.34","29.14","28.01","28.18","27.06","28.14","27.06","22.24","26.25","26.11","26.54","27.67","27.60","28.11","28.39","28.15","28.31","29.13","27.51","25.09","30.03","29.69","31.36","29.74"
"Shrimp, 300 grams 5","7.66","7.11","7.45","7.54","7.80","7.41","7.83","7.23","7.86","7.88","7.85","8.07","7.81","7.60","7.41","7.44","7.67","7.25","7.55","7.29","7.54","7.47","7.38","7.34","7.30","7.13","7.27","7.06","7.22","7.13","7.14","7.22","7.42","7.73","7.11","7.27","7.48","7.19","7.24","7.15","7.54","7.12","7.71","7.40","7.40","7.48","7.49","7.35","7.36","7.50","7.57","7.71","7.76","7.79","7.84","7.73","7.95","7.89","7.61","7.75","7.95","7.72","7.82","7.37","8.13","7.88","7.50","7.68","7.77","7.81","7.75","7.82","7.65","7.56","7.72","7.46","7.72","7.51","7.51","7.22","7.37","7.50","7.49","7.46","7.27","7.09","7.45","7.34","7.76"
"Canned salmon, 213 grams 5","3.29","3.41","3.63","3.92","3.52","3.76","3.37","3.41","3.61","3.43","3.63","3.52","3.31","3.35","3.35","3.59","4.35","3.95","4.13","4.61","4.23","4.62","4.51","4.38","3.99","4.50","4.84","4.69","4.19","3.89","4.24","4.27","4.52","4.41","4.51","4.65","4.46","4.36","4.75","4.41","4.56","4.89","4.66","4.67","4.89","4.62","5.08","4.74","4.52","4.56","5.00","4.56","4.51","4.53","4.80","4.62","5.02","4.64","4.68","4.74","4.59","4.95","4.75","4.90","5.00","4.76","4.59","4.85","4.56","4.75","4.97","5.14","5.02","5.11","5.09","4.81","4.83","4.94","4.96","4.73","4.80","4.58","4.61","4.72","4.52","4.74","4.67","4.89","4.65"
"Canned tuna, 170 grams 4","1.70","1.68","1.66","1.68","1.84","1.77","1.73","1.76","1.77","1.77","1.89","1.73","1.79","1.70","1.75","1.81","1.81","1.73","1.64","1.79","1.70","1.76","1.80","1.78","1.80","1.79","1.78","1.78","1.84","1.84","1.80","1.80","2.00","1.89","1.75","1.67","1.61","1.72","1.70","1.74","1.84","1.60","1.65","1.65","1.67","1.71","1.67","1.70","1.64","1.66","1.71","1.75","1.88","1.73","1.80","1.77","1.83","1.75","1.79","1.76","1.78","1.84","1.71","1.75","1.81","1.78","1.91","2.03","1.91","2.02","2.06","1.83","2.05","1.97","1.74","2.08","1.94","1.60","1.60","1.73","1.52","1.81","1.68","1.63","1.50","1.76","1.55","1.59","1.69"
"Meatless burgers, 226 grams 5","4.23","4.16","4.18","4.24","4.27","4.17","4.27","4.27","4.16","4.31","4.39","4.27","4.28","4.29","4.49","4.64","4.62","4.50","4.41","4.52","4.56","6.57","6.05","6.04","5.84","5.79","5.62","5.50","5.56","4.67","4.34","5.57","5.53","5.43","5.62","5.64","5.45","5.54","5.65","5.75","5.79","5.75","5.43","5.53","5.92","5.84","5.82","5.65","5.58","5.87","5.86","5.84","6.04","5.75","5.76","5.64","5.85","5.45","5.54","5.68","5.84","5.84","5.85","6.05","6.41","5.68","6.01","6.01","6.03","5.74","5.87","6.01","6.04","6.08","6.19","6.15","6.27","6.14","6.28","6.23","5.98","6.20","6.41","6.31","6.42","6.60","6.33","6.40","6.35"
"Milk, 1 litre 4","2.32","2.33","2.31","2.30","2.30","2.30","2.31","2.31","2.31","2.31","2.33","2.35","2.35","2.40","2.40","2.41","2.40","2.40","2.40","2.40","2.40","2.41","2.42","2.41","2.42","2.47","2.42","2.43","2.42","2.42","2.46","2.48","2.43","2.44","2.44","2.45","2.45","2.45","2.46","2.47","2.48","2.48","2.54","2.53","2.53","2.53","2.54","2.55","2.56","2.55","2.56","2.57","2.56","2.56","2.75","2.74","2.75","2.76","2.76","2.75","2.76","2.87","2.85","2.87","2.88","2.86","2.95","2.96","2.95","2.96","2.96","2.96","2.96","2.95","2.96","2.93","2.96","2.89","2.74","2.91","2.91","2.96","2.98","2.97","2.99","2.98","2.97","2.98","2.96"
"Milk, 2 litres 4","3.89","3.89","3.89","3.88","3.90","3.89","3.89","3.89","3.90","3.89","3.90","3.89","3.95","4.04","4.06","4.07","4.11","4.09","4.11","4.10","4.04","4.06","4.11","4.13","4.09","4.08","4.13","4.11","4.13","4.14","4.21","4.26","4.16","4.26","4.26","4.24","4.24","4.25","4.29","4.27","4.25","4.22","4.39","4.42","4.42","4.39","4.41","4.43","4.45","4.43","4.41","4.45","4.46","4.39","4.75","4.76","4.75","4.75","4.76","4.73","4.77","4.94","4.95","4.93","5.01","4.95","5.10","5.16","5.15","5.10","5.17","5.18","5.17","5.17","5.18","5.19","5.20","5.23","5.08","5.17","5.20","5.25","5.30","5.29","5.33","5.32","5.30","5.34","5.34"
"Milk, 4 litres 4","4.79","4.81","4.82","4.82","4.82","4.83","4.83","4.82","4.83","4.82","4.75","4.75","4.79","4.94","4.95","4.96","4.95","4.94","4.94","4.85","4.85","4.87","4.82","4.77","4.80","4.82","4.80","4.81","4.82","4.87","4.86","4.94","4.99","4.96","4.96","4.92","4.86","4.86","4.88","4.86","4.84","4.84","5.03","5.01","5.03","5.02","5.02","5.01","5.03","4.99","5.04","5.07","5.05","5.02","5.56","5.59","5.57","5.56","5.56","5.52","5.53","5.82","5.80","5.82","5.85","5.84","5.99","5.99","5.99","5.98","5.93","5.82","5.79","5.79","5.79","5.79","5.80","5.73","5.74","5.75","5.78","5.90","5.90","5.88","5.89","5.89","5.89","5.90","5.90"
"Soy milk, 1.89 litres 5","3.83","3.72","3.82","3.73","3.88","3.66","3.69","3.82","3.78","3.72","3.77","3.88","3.71","3.68","3.77","3.73","3.98","3.63","3.83","3.93","3.75","3.84","3.91","3.85","3.81","3.67","3.73","3.64","3.98","3.72","3.69","3.93","3.79","3.86","3.74","3.71","3.68","3.86","3.68","3.78","3.87","3.59","3.85","3.79","3.65","3.86","4.02","3.75","3.78","3.71","3.73","3.76","3.82","3.72","3.76","4.05","3.94","4.09","3.96","4.05","3.89","4.16","4.18","4.18","4.17","4.14","4.12","4.18","4.46","4.21","4.47","4.32","4.15","4.27","4.37","4.09","4.19","4.41","4.45","4.40","4.49","4.27","4.42","4.48","4.60","4.36","4.43","4.48","4.39"
"Nut milk, 1.89 litres 5","4.01","3.98","3.94","3.93","4.06","3.88","3.96","4.06","4.01","3.92","3.94","4.00","3.87","3.83","3.83","3.74","3.84","3.70","3.80","3.89","3.84","3.86","3.87","3.95","3.87","3.80","3.89","3.66","3.81","3.74","3.75","4.01","3.88","3.75","3.75","3.77","3.75","3.90","3.78","3.82","3.89","3.66","3.81","3.75","3.69","3.80","3.91","3.80","3.75","3.69","3.72","3.78","3.82","3.66","3.73","3.89","3.96","4.00","3.98","3.90","3.92","4.07","4.08","4.06","4.18","4.07","4.08","4.15","4.28","4.11","4.34","4.18","4.14","4.13","4.22","3.93","4.02","4.33","4.35","4.26","4.40","4.21","4.34","4.42","4.28","4.34","4.12","4.32","4.35"
"Cream, 1 litre 4","3.22","3.19","3.19","3.21","3.27","3.20","3.27","3.19","3.22","3.24","3.23","3.28","3.25","3.39","3.50","3.41","3.52","3.40","3.41","3.37","3.33","3.38","3.44","3.43","3.43","3.39","3.39","3.46","3.50","3.44","3.55","3.58","3.50","3.61","3.63","3.59","3.59","3.51","3.57","3.46","3.51","3.49","3.41","3.47","3.51","3.53","3.56","3.63","3.67","3.65","3.67","3.61","3.66","3.60","3.94","4.02","4.01","4.09","4.07","4.06","4.07","4.11","4.14","4.29","4.32","4.54","4.52","4.43","4.45","4.60","4.59","4.64","4.60","4.47","4.47","4.48","4.40","4.50","4.38","4.26","4.32","4.64","4.72","4.71","4.75","4.79","4.56","4.68","4.58"
"Butter, 454 grams 4","4.42","4.15","4.03","4.10","4.04","4.36","4.29","3.83","4.13","4.16","4.02","4.28","4.08","4.13","4.45","3.97","4.14","4.52","4.37","4.34","3.91","4.38","4.22","4.17","3.99","4.17","4.09","3.97","4.16","4.35","4.69","4.76","4.86","4.64","4.47","4.02","4.53","4.55","4.74","4.66","4.74","4.69","4.63","4.81","5.06","5.05","5.09","5.27","5.08","4.76","5.17","4.68","5.02","5.09","5.55","5.69","5.77","5.63","6.17","6.07","5.81","5.66","6.22","6.18","6.35","6.28","6.65","6.45","6.70","6.53","6.32","6.61","6.19","6.45","6.53","6.26","6.47","6.68","6.24","6.08","6.15","5.98","6.20","6.46","6.14","5.87","6.02","5.92","5.98"
"Margarine, 907 grams 5","4.32","4.59","4.55","4.23","4.16","4.55","4.06","4.20","4.43","4.52","4.48","4.72","4.60","4.43","4.33","4.15","4.16","4.56","4.48","4.23","4.28","4.26","4.42","4.33","4.49","4.22","4.30","4.06","4.18","4.56","4.03","4.46","4.71","4.37","4.31","4.32","4.73","4.40","4.14","4.31","4.32","4.68","4.60","4.37","4.54","4.66","4.81","4.80","4.95","4.83","4.84","5.15","4.97","5.30","5.18","5.64","6.13","6.23","6.34","6.55","6.88","6.82","6.78","6.93","6.95","7.20","7.14","7.42","7.69","7.47","7.28","7.66","7.47","7.46","7.19","7.06","7.49","7.56","7.25","7.50","6.97","7.38","7.37","7.46","7.59","7.49","7.61","7.37","7.46"
"Block cheese, 500 grams 5","6.48","6.20","6.09","6.19","5.97","6.06","6.28","6.05","6.26","5.97","6.03","5.86","6.17","6.28","6.06","5.99","5.91","6.07","6.07","6.16","6.29","6.09","6.12","6.06","5.95","5.95","6.14","6.07","5.94","6.13","6.23","6.38","6.30","6.32","6.43","6.16","6.19","6.17","6.16","6.12","6.24","6.47","6.45","6.31","6.48","6.50","6.49","6.57","6.46","6.43","6.33","6.60","6.34","6.53","6.57","6.85","6.84","6.92","7.02","7.06","6.94","7.03","6.75","6.80","6.73","6.94","6.92","6.90","6.76","6.83","6.95","6.86","6.87","6.84","6.79","6.91","6.67","6.89","6.91","6.78","7.05","6.94","7.06","7.16","7.36","7.26","7.24","7.29","7.14"
"Yogurt, 500 grams 5","2.73","2.67","2.76","2.64","2.70","2.63","2.66","2.74","2.70","2.71","2.71","2.80","2.78","2.69","2.77","2.75","2.79","2.80","2.83","2.80","2.78","2.73","2.76","2.75","2.70","2.73","2.73","2.63","2.64","2.75","2.71","2.81","2.75","2.76","2.82","2.72","2.74","2.78","2.79","2.73","2.83","2.66","2.74","2.80","2.82","2.86","2.84","2.91","3.04","2.98","2.90","2.97","3.00","2.95","2.93","3.02","3.07","3.15","3.11","3.19","3.13","3.11","3.16","3.23","3.43","3.38","3.24","3.35","3.31","3.35","3.37","3.41","3.29","3.32","3.34","3.28","3.49","3.40","3.41","3.44","3.38","3.47","3.56","3.61","3.61","3.54","3.62","3.56","3.59"
"Eggs, 1 dozen 4","3.91","3.96","3.92","3.89","3.65","3.90","3.93","3.86","3.96","3.66","3.99","3.71","4.00","4.00","3.98","4.01","4.07","3.99","4.07","3.92","4.06","3.89","4.06","3.89","4.01","3.95","4.23","4.10","4.22","4.18","4.26","4.32","4.29","4.27","4.31","4.39","4.43","4.47","4.47","4.51","4.48","4.48","4.53","4.64","4.66","4.60","4.60","4.29","4.71","4.56","4.73","4.70","4.66","4.74","4.58","4.70","4.86","4.92","4.88","4.82","4.84","5.17","5.13","5.21","5.39","5.22","5.13","5.21","5.26","5.30","5.30","5.37","5.40","5.40","5.43","5.46","5.45","5.24","5.28","4.89","5.34","5.37","5.35","5.34","5.42","5.44","5.52","5.54","5.47"
"Apples, per kilogram 4","4.38","3.53","3.13","3.50","4.08","4.19","4.07","4.31","4.21","4.31","4.44","4.48","4.48","3.18","3.04","3.64","4.54","4.46","4.41","4.97","5.04","5.18","5.39","5.24","4.84","3.80","3.50","4.00","4.43","4.16","4.15","4.36","4.37","4.55","4.60","4.69","4.60","3.84","3.86","4.22","4.92","4.73","4.37","4.65","4.69","4.99","5.06","5.57","5.47","4.06","3.88","4.50","5.19","5.00","4.99","5.32","5.28","5.55","5.80","5.75","5.85","4.75","4.43","5.10","6.03","5.46","6.21","6.31","6.48","6.21","6.61","6.60","6.21","4.65","4.72","5.76","6.29","5.69","5.83","5.59","6.05","6.05","6.35","6.41","6.12","4.58","4.23","4.89","5.06"
"Oranges, per kilogram 4","3.75","3.68","3.58","3.80","3.62","2.73","3.23","3.25","3.09","3.24","4.23","3.68","3.95","3.65","3.76","4.19","4.19","3.68","3.43","3.61","3.67","3.86","4.04","3.90","3.66","3.82","4.05","4.27","4.10","3.19","3.07","3.58","3.65","4.07","4.34","3.85","3.96","4.01","4.04","4.19","4.42","3.80","3.59","3.57","3.50","4.22","4.27","4.38","4.61","4.29","4.45","4.84","4.60","4.54","4.19","4.73","4.78","4.92","4.95","5.17","5.09","5.01","5.00","5.17","4.76","4.84","4.66","4.56","4.69","5.09","5.10","5.01","4.73","4.90","5.22","5.42","4.38","3.83","3.29","3.94","4.06","3.59","4.17","4.72","4.89","4.79","5.02","4.09","3.73"
"Oranges, 1.36 kilograms 4 5","5.07","4.86","4.77","4.91","4.92","3.86","4.55","4.49","4.30","4.50","5.76","4.97","5.31","4.83","5.13","5.66","5.60","5.06","4.76","4.94","4.87","5.07","5.34","5.26","5.08","5.13","5.43","5.69","5.39","4.39","4.21","4.81","4.65","5.39","5.76","5.34","5.43","5.41","5.45","5.50","5.82","5.24","5.05","4.92","4.80","5.61","5.68","5.94","6.13","5.61","5.69","6.26","6.23","5.97","5.74","6.40","6.45","6.61","6.74","6.91","6.89","6.57","6.66","7.15","6.62","6.12","6.10","6.33","6.27","6.82","6.92","6.93","6.65","6.64","7.07","7.33","6.27","5.82","5.16","5.85","5.84","5.55","6.14","6.54","6.62","6.30","6.90","5.80","5.52"
"Bananas, per kilogram 4","1.55","1.55","1.56","1.55","1.55","1.59","1.60","1.60","1.62","1.62","1.62","1.60","1.60","1.60","1.60","1.61","1.60","1.62","1.61","1.62","1.61","1.61","1.60","1.59","1.58","1.60","1.60","1.60","1.58","1.61","1.61","1.60","1.60","1.60","1.61","1.58","1.57","1.60","1.61","1.61","1.60","1.62","1.61","1.61","1.61","1.60","1.60","1.60","1.60","1.60","1.62","1.61","1.62","1.66","1.66","1.65","1.65","1.67","1.67","1.70","1.72","1.74","1.70","1.73","1.72","1.74","1.73","1.67","1.65","1.66","1.67","1.68","1.64","1.65","1.65","1.64","1.65","1.63","1.63","1.63","1.63","1.63","1.63","1.61","1.62","1.61","1.61","1.62","1.61"
"Pears, per kilogram 4","4.44","3.12","4.15","4.00","3.96","3.90","3.60","4.07","4.10","4.18","4.27","4.17","4.50","3.32","4.22","4.37","4.19","3.84","3.86","4.42","4.57","4.55","4.74","3.92","4.46","3.30","4.44","4.49","4.69","4.09","4.32","4.73","4.51","4.46","4.37","4.71","4.78","3.55","4.63","4.71","4.91","4.71","4.40","4.67","4.87","5.27","5.10","5.04","4.62","3.89","4.94","4.94","5.02","5.05","4.81","5.12","5.18","5.48","5.36","5.46","5.82","4.38","5.60","5.92","5.93","5.75","5.77","5.96","5.61","5.98","5.74","6.16","6.06","4.34","5.81","5.86","5.99","5.53","5.70","5.86","5.80","6.06","5.79","6.23","5.65","4.53","6.14","6.22","6.06"
"Lemons, unit 4","0.98","1.00","0.98","1.05","1.03","1.11","1.17","1.21","1.19","1.04","0.99","0.92","0.97","0.95","0.92","0.91","0.93","0.94","0.99","1.00","1.00","0.95","0.99","0.97","0.96","0.88","0.92","0.93","0.97","0.95","0.92","0.95","0.88","0.93","0.92","0.91","0.95","0.95","0.88","0.95","0.95","0.99","0.97","0.99","1.00","0.98","1.00","1.01","0.97","0.98","0.95","0.99","0.99","1.03","1.03","1.07","0.99","0.99","0.99","0.96","0.99","1.01","1.00","0.98","0.96","1.06","1.00","1.00","1.00","0.95","0.95","0.94","0.96","0.94","0.94","0.93","0.98","0.99","1.01","0.98","0.95","0.96","0.96","0.94","0.92","0.94","0.92","0.91","0.95"
"Limes, unit 4","0.51","0.51","0.52","0.51","0.54","0.52","0.53","0.64","0.67","0.58","0.59","0.55","0.57","0.50","0.53","0.53","0.55","0.52","0.52","0.60","0.73","0.72","0.69","0.61","0.58","0.63","0.54","0.54","0.69","0.66","0.54","0.68","0.60","0.61","0.61","0.60","0.65","0.69","0.58","0.62","0.66","0.67","0.56","0.68","0.67","0.66","0.64","0.73","0.66","0.69","0.70","0.70","0.71","0.77","0.91","1.02","1.05","0.98","0.85","0.78","0.75","0.83","0.89","0.87","0.91","0.92","0.94","0.95","0.93","0.89","0.83","0.79","0.82","0.87","0.88","0.93","0.91","0.91","0.87","0.93","0.90","0.77","0.77","0.76","0.76","0.89","0.88","0.87","0.82"
"Grapes, per kilogram 4","6.28","6.00","6.44","6.59","7.44","7.43","7.39","6.89","6.63","7.64","6.92","8.13","6.49","5.99","6.17","6.15","7.20","6.72","7.17","6.82","6.97","7.80","6.93","6.25","5.96","5.52","5.95","6.25","7.15","6.81","7.08","6.21","6.66","7.97","6.66","6.35","6.60","7.03","6.75","7.15","7.04","6.85","6.52","7.75","7.67","8.60","7.71","7.10","7.13","6.82","7.10","7.26","7.36","7.93","8.36","8.11","8.93","9.36","8.15","9.10","8.92","7.74","7.68","9.04","9.20","9.23","8.88","8.42","9.15","11.46","9.56","7.92","7.43","7.82","8.63","10.23","10.55","9.33","9.78","9.00","10.76","10.57","8.07","8.20","6.91","7.10","7.13","7.74","9.30"
"Cantaloupe, unit 4","2.38","2.81","2.58","2.80","2.85","2.95","2.36","2.75","2.69","2.69","2.96","3.06","2.41","2.61","2.44","3.19","3.31","3.31","2.72","3.10","3.23","3.17","3.40","3.10","2.62","2.89","3.07","3.37","3.27","3.25","2.98","2.73","3.21","3.11","3.57","3.58","3.12","3.19","3.53","3.36","3.27","3.45","3.92","3.46","3.56","3.39","3.33","3.36","2.93","3.43","3.73","3.71","3.66","3.90","3.95","3.49","3.60","4.23","4.27","4.13","3.72","3.65","4.44","4.75","4.53","4.53","5.11","4.31","4.06","4.67","4.04","3.87","3.50","3.49","4.19","4.72","4.18","4.72","4.19","4.28","3.92","4.44","3.97","3.58","3.58","3.99","4.25","4.05","4.50"
"Strawberries, 454 grams 5","3.55","3.46","3.09","3.98","5.10","4.29","3.94","3.82","4.09","3.18","3.05","2.95","3.02","3.37","3.71","4.07","6.21","5.40","4.24","4.10","3.78","3.43","3.76","3.60","3.25","3.65","3.85","5.07","6.37","5.14","4.12","4.41","3.77","3.42","3.15","3.53","4.39","4.14","5.16","5.60","6.25","4.99","5.26","4.36","4.23","3.98","4.27","3.92","4.08","4.45","4.44","5.83","6.45","5.70","4.93","4.58","4.41","4.33","4.47","4.93","5.08","5.20","6.16","7.09","7.23","5.96","6.10","5.62","5.91","5.19","5.13","4.70","5.11","4.82","4.68","5.23","6.55","6.47","4.92","4.11","4.67","3.86","3.60","4.02","5.30","5.34","5.13","5.77","6.59"
"Avocado, unit 4","2.26","2.05","1.93","1.68","1.79","1.65","1.66","1.77","1.73","1.68","1.86","1.89","1.91","1.90","1.86","1.76","1.97","1.86","1.79","1.80","2.08","2.17","2.32","2.20","2.10","2.01","1.99","1.91","1.95","1.88","1.75","1.93","2.01","2.11","2.13","2.21","2.09","1.90","1.78","1.80","1.84","1.88","1.68","1.82","1.87","1.88","2.02","1.83","1.99","1.97","1.86","1.85","1.91","1.97","2.00","2.07","2.41","2.55","2.54","2.32","2.25","1.85","1.89","1.88","2.22","2.13","1.80","1.97","2.16","2.02","2.05","2.16","2.25","2.06","2.26","2.03","2.12","2.06","2.01","2.14","1.98","2.23","2.27","2.39","2.50","2.32","2.30","2.19","2.40"
"Potatoes, 4.54 kilograms 4","6.25","5.60","5.19","5.54","5.20","5.51","5.53","5.49","5.24","5.54","5.47","5.72","5.83","5.64","5.53","5.34","5.12","5.41","5.55","5.64","5.67","5.98","6.28","6.64","6.63","6.16","5.86","5.54","5.61","5.88","5.93","6.00","6.39","6.45","5.83","6.35","6.35","6.51","6.37","6.17","5.63","5.43","5.89","5.31","5.94","6.27","6.35","6.49","6.51","5.99","6.01","5.91","5.82","5.88","6.38","6.76","6.38","6.99","6.95","7.04","8.08","7.52","6.91","7.78","6.75","6.80","7.30","7.18","7.23","7.58","7.34","7.77","7.90","7.33","7.81","7.39","7.04","7.88","7.51","7.44","7.91","8.31","8.54","8.34","7.96","6.72","6.74","7.42","7.05"
"Potatoes, per kilogram 4","3.01","2.92","2.79","2.84","2.86","2.84","2.92","2.93","2.95","2.96","3.09","3.04","3.14","3.11","3.13","3.19","3.31","3.28","3.34","3.49","3.52","3.65","3.62","3.58","4.09","4.17","4.03","3.91","3.92","3.45","3.59","4.02","4.19","4.22","4.08","4.13","4.12","4.11","4.19","4.02","4.08","4.22","4.28","4.27","4.22","4.29","4.02","4.22","4.14","4.15","4.15","4.15","4.25","4.16","4.31","4.11","4.22","4.44","4.52","4.94","4.79","4.72","4.63","4.63","4.58","4.68","4.92","4.88","5.29","5.35","5.32","5.35","5.44","5.30","5.29","5.26","5.29","5.26","5.15","5.22","5.02","5.02","4.85","5.01","4.96","4.99","4.91","4.93","4.83"
"Sweet potatoes, per kilogram 4","3.74","3.29","2.47","3.49","2.34","3.31","3.57","2.76","2.95","3.63","3.79","3.92","4.07","3.55","2.97","3.76","2.41","3.61","4.12","4.33","2.95","4.15","4.31","4.35","4.30","4.15","2.94","4.26","2.61","4.15","3.95","4.63","3.70","4.70","4.67","4.74","4.52","3.84","3.24","4.27","3.18","4.24","4.26","3.71","4.00","4.44","4.37","4.42","4.79","4.44","3.03","4.24","2.96","4.21","4.37","4.51","3.57","4.72","4.77","4.87","5.21","4.50","3.09","5.22","3.17","4.96","5.01","4.46","3.71","5.12","5.18","5.11","5.17","4.20","3.17","4.94","3.15","4.89","5.06","4.03","4.92","5.50","5.53","5.57","5.59","5.15","3.55","4.88","3.49"
"Tomatoes, per kilogram 4","3.02","3.26","3.42","3.95","5.14","5.56","4.71","4.40","3.73","3.36","3.60","3.48","3.41","3.57","4.24","4.55","6.02","5.88","5.63","5.19","4.37","3.64","3.67","3.87","3.85","3.61","3.86","4.21","5.45","6.05","5.64","5.91","5.03","4.53","4.95","5.03","5.00","5.04","5.14","5.64","5.84","5.90","5.28","5.10","4.04","3.71","3.45","3.63","3.69","4.05","4.31","5.01","5.30","5.64","5.31","4.91","4.38","4.22","4.14","4.16","4.31","4.40","4.84","5.94","6.94","6.49","5.67","5.17","4.91","4.54","4.63","4.56","4.35","4.41","4.88","5.00","5.78","6.10","5.68","5.47","4.63","4.87","4.86","4.72","4.75","4.94","5.01","5.89","6.46"
"Cabbage, per kilogram 4","1.87","1.73","1.67","1.62","1.66","1.91","2.00","2.09","2.21","2.27","2.33","2.08","2.14","1.92","2.00","2.08","2.20","2.48","2.63","2.91","2.93","3.13","3.26","2.73","2.26","2.17","2.06","2.10","2.27","2.43","2.48","2.47","2.59","2.68","3.00","2.67","2.24","2.22","2.08","2.11","2.17","2.55","2.44","2.42","2.58","2.58","2.53","2.41","2.12","2.12","2.11","2.17","2.27","2.30","2.60","2.58","2.71","3.12","3.27","2.87","2.73","2.43","2.47","2.81","2.84","2.86","2.90","2.99","3.42","3.40","3.45","3.10","3.05","2.68","2.98","3.16","2.94","2.89","2.98","2.89","3.10","3.06","3.10","3.03","2.94","2.42","2.44","2.64","2.63"
"Carrots, 1.36 kilograms 5","3.73","3.73","3.80","3.59","3.77","3.49","3.55","3.45","3.53","3.71","3.83","3.87","3.89","3.79","3.65","3.62","3.60","3.52","3.57","3.74","3.68","3.89","3.87","3.76","3.86","3.86","3.53","3.60","3.82","3.89","3.90","3.76","3.98","4.04","3.93","3.87","3.62","3.62","3.57","3.72","3.82","4.06","3.96","4.10","4.02","4.12","4.14","4.04","3.93","4.06","3.65","3.83","3.99","4.13","4.60","4.78","4.95","5.24","5.28","5.38","5.27","5.07","4.95","5.11","5.04","5.08","5.21","5.03","5.07","5.09","5.22","5.15","5.02","4.94","4.74","4.84","4.99","4.88","4.84","4.47","5.06","5.17","5.20","5.13","4.78","4.70","4.29","4.66","4.33"
"Onions, per kilogram 4","3.29","3.26","3.32","3.38","3.33","3.16","3.26","3.26","3.03","3.05","3.05","3.31","3.38","3.16","3.20","3.20","3.28","3.35","3.37","3.53","3.69","3.95","4.17","4.13","4.12","3.67","3.83","3.65","3.78","3.39","3.44","3.81","3.90","3.98","4.07","4.04","4.00","4.03","4.15","4.21","4.23","4.14","4.06","4.15","4.00","4.11","4.09","4.22","4.18","4.16","4.18","4.30","4.27","4.30","4.41","4.78","4.97","5.09","5.18","5.47","5.29","5.11","5.17","5.07","5.12","5.19","5.54","5.37","5.47","5.41","5.39","5.49","5.39","5.47","5.38","5.37","5.72","5.44","5.56","5.48","5.20","5.38","5.90","5.93","5.77","5.87","5.86","5.62","5.63"
"Onions, 1.36 kilograms 5","3.49","3.44","3.36","3.28","3.03","3.17","3.17","3.25","3.09","3.10","3.35","3.76","3.70","3.49","3.36","3.30","3.24","3.41","3.61","3.58","3.69","4.12","4.30","4.36","4.21","3.88","3.64","3.45","3.67","3.56","3.44","3.55","3.71","4.05","3.94","3.99","3.67","3.81","3.78","3.75","3.72","3.81","3.51","3.79","3.77","3.90","3.96","4.13","4.08","4.06","3.74","4.01","3.91","3.83","3.97","4.35","4.41","4.93","4.92","5.07","5.02","4.82","4.68","4.76","4.68","4.54","4.69","4.48","4.56","4.95","4.93","4.99","4.99","4.98","4.75","4.50","4.91","4.85","4.98","4.71","5.22","5.69","6.07","6.07","5.56","5.64","5.00","5.21","5.09"
"Celery, unit 4","2.16","1.92","1.67","2.04","1.93","2.02","2.00","1.84","2.03","2.25","2.20","2.30","2.25","1.90","1.91","2.22","2.49","2.61","2.85","3.76","4.51","5.33","5.43","4.11","2.89","2.20","2.14","2.66","2.64","2.82","2.71","2.75","2.59","2.65","2.55","2.74","2.46","2.50","2.43","2.62","2.43","2.88","2.85","2.60","2.31","2.58","2.74","2.45","2.51","2.43","2.48","2.68","2.38","2.73","2.90","3.17","2.73","3.31","3.61","3.23","3.01","2.69","2.65","3.20","3.59","3.92","4.00","3.70","3.37","3.57","4.21","4.49","3.37","2.78","2.84","3.45","2.99","3.29","3.21","3.04","3.06","3.29","3.41","3.37","3.27","2.90","2.94","3.37","3.24"
"Cucumber, unit 4","1.49","1.63","1.75","1.84","2.03","1.94","2.01","1.72","1.54","1.53","1.71","1.70","1.68","1.77","2.18","2.15","2.36","2.26","2.32","1.89","1.68","1.75","1.70","1.65","1.76","1.91","2.22","2.19","2.15","2.09","2.15","1.81","1.68","1.64","1.56","1.63","1.79","1.98","2.41","2.39","2.35","2.37","2.41","1.97","1.60","1.60","1.74","1.76","1.86","1.90","2.19","2.33","2.27","2.12","2.13","1.99","1.94","1.72","1.56","1.70","1.70","1.83","2.26","2.25","2.48","2.47","2.53","2.28","1.96","1.63","1.74","1.94","1.83","1.83","2.17","2.18","2.38","2.27","2.27","1.92","1.80","1.60","2.03","1.79","1.71","1.93","1.93","1.99","2.19"
"Mushrooms, 227 grams 5","2.01","2.00","2.06","1.98","2.09","2.06","1.99","1.95","2.02","1.96","2.06","2.13","2.14","2.13","2.14","2.18","2.17","2.22","2.11","2.11","1.90","2.24","2.41","2.29","2.34","2.45","2.21","2.37","2.24","2.27","2.07","2.45","2.23","2.49","2.39","2.42","2.21","2.41","2.48","2.52","2.49","2.53","2.34","2.41","2.39","2.35","2.45","2.44","2.41","2.40","2.43","2.50","2.66","2.69","2.74","2.54","2.69","2.81","2.53","2.82","2.89","2.98","2.98","2.92","3.08","3.06","3.19","3.12","3.03","3.05","3.06","3.09","3.07","3.20","3.20","3.11","3.01","2.79","2.95","2.71","2.70","2.94","2.86","2.89","3.10","3.02","2.89","2.77","3.06"
"Iceberg lettuce, unit 4","2.02","1.89","2.26","2.18","2.09","1.98","2.01","2.12","2.18","2.13","2.17","2.09","2.12","2.19","2.21","2.59","3.57","2.70","2.24","2.78","2.50","2.52","2.31","2.41","2.31","2.16","2.41","2.74","2.71","2.50","2.21","2.59","2.30","2.33","2.23","2.10","1.97","1.79","2.84","2.83","2.87","2.50","2.10","2.18","2.11","2.30","2.36","2.15","2.17","2.35","2.61","3.55","2.86","2.46","2.74","3.14","3.36","2.91","2.97","2.66","2.72","2.78","3.27","4.58","4.53","4.28","3.20","3.12","3.35","3.59","2.76","3.07","3.29","2.86","3.27","3.39","3.36","2.99","3.07","3.15","3.10","3.08","3.31","2.63","3.13","3.00","2.68","3.40","3.53"
"Romaine lettuce, unit 4","1.71","1.74","1.93","2.14","2.06","2.11","2.12","2.38","2.32","2.43","2.22","1.74","1.70","1.88","2.22","2.44","3.17","3.00","2.58","2.79","2.86","2.86","2.29","2.02","2.10","2.16","2.52","2.85","2.97","2.88","2.73","2.89","2.77","2.66","2.35","2.25","2.07","2.26","3.22","3.47","3.31","3.27","3.09","3.14","2.70","2.58","2.12","1.96","1.95","2.16","2.60","3.17","3.13","3.03","3.07","3.66","3.58","3.29","2.72","2.39","2.45","3.18","3.76","4.63","4.60","4.34","3.76","3.22","3.49","3.53","3.09","2.74","2.61","2.92","2.98","3.02","3.04","3.17","3.19","3.77","3.72","3.99","3.42","3.17","2.66","3.19","3.53","3.85","4.08"
"Broccoli, unit 4","2.51","2.33","2.15","2.78","2.52","2.21","2.16","2.51","2.76","2.74","2.81","2.77","2.76","2.54","2.47","2.70","3.26","2.51","2.95","2.74","2.86","3.03","3.07","3.07","2.85","2.65","2.87","3.27","3.16","2.83","3.05","2.84","3.34","3.18","3.23","3.27","3.18","3.22","3.06","3.37","3.35","2.94","3.08","2.73","3.08","3.00","2.88","2.99","3.00","2.98","3.31","3.55","3.09","3.14","3.34","3.14","3.11","3.30","3.46","3.22","2.98","3.32","3.27","3.98","4.53","4.78","4.39","3.97","3.94","4.49","4.46","3.96","3.78","3.93","3.56","3.81","3.56","4.10","3.78","3.49","3.94","4.21","4.66","4.65","4.26","3.97","4.23","4.44","4.27"
"Peppers, per kilogram 4","5.75","5.69","6.19","6.72","7.77","7.70","7.30","7.85","7.42","6.99","7.05","6.90","6.77","5.07","6.66","7.71","8.33","8.32","8.16","8.87","8.76","7.61","7.97","7.57","7.04","5.94","7.24","7.87","8.25","7.89","7.79","7.79","7.54","7.41","7.73","8.17","7.57","6.73","7.35","8.16","8.78","8.57","8.51","8.58","7.46","7.79","7.73","7.44","6.80","5.98","6.78","7.68","8.25","8.63","8.84","8.74","8.29","8.07","7.83","8.06","7.72","6.87","7.79","9.32","9.84","9.95","9.67","9.46","9.81","9.01","9.58","9.11","7.81","6.85","8.46","9.11","9.90","9.80","9.35","9.14","7.62","8.18","7.42","8.61","8.07","8.15","8.39","9.24","10.24"
"Squash, per kilogram 4","4.06","3.34","2.67","2.63","3.15","3.41","3.57","3.26","3.58","3.76","3.89","3.70","3.87","3.34","2.87","3.08","3.39","3.91","4.43","4.13","3.85","4.41","4.35","3.83","3.78","3.44","3.24","3.16","3.62","4.18","4.14","4.20","4.27","4.56","4.63","4.41","4.07","3.38","3.39","3.38","3.82","4.13","4.28","4.09","4.19","4.10","4.19","4.19","3.75","3.10","3.21","3.31","3.59","3.99","4.54","4.30","4.04","4.40","4.81","4.60","4.39","3.62","3.68","3.79","4.45","4.28","4.26","4.80","4.98","5.07","5.52","4.99","4.54","3.58","3.49","4.19","4.05","4.66","4.68","4.66","4.58","5.00","5.03","4.96","4.72","3.95","3.56","4.29","4.53"
"Salad greens, 142 grams 5","4.39","4.21","4.25","4.47","4.28","4.40","4.48","4.39","4.36","4.40","4.15","4.33","4.50","4.39","4.33","4.54","4.61","4.51","4.59","4.45","4.31","4.28","4.17","4.26","4.37","4.31","4.16","4.31","4.32","4.29","4.29","4.30","4.22","4.30","4.17","4.28","4.30","4.35","4.28","4.29","4.47","4.18","4.24","4.25","4.31","4.23","4.21","4.48","4.42","4.43","4.32","4.39","4.50","4.40","4.53","4.55","4.61","4.67","4.73","4.63","4.69","4.66","4.83","4.89","4.58","4.77","4.76","4.88","5.02","5.01","4.90","4.88","4.71","4.56","4.75","5.01","5.01","5.02","4.84","5.00","4.95","4.93","5.00","5.01","5.08","4.95","5.04","4.86","4.98"
"Frozen french fried potatoes, 750 grams 5","2.29","2.31","2.32","2.22","2.27","2.24","2.30","2.25","2.33","2.29","2.26","2.30","2.28","2.24","2.30","2.25","2.28","2.27","2.38","2.33","2.31","2.39","2.37","2.21","2.24","2.37","2.46","2.35","2.30","2.31","2.14","2.32","2.35","2.42","2.36","2.31","2.26","2.28","2.33","2.36","2.37","2.38","2.45","2.44","2.41","2.45","2.44","2.52","2.45","2.46","2.41","2.45","2.50","2.45","2.52","2.54","2.60","2.58","2.68","2.65","2.68","2.82","2.85","2.86","3.04","2.99","3.04","3.12","3.06","3.11","3.15","3.22","3.25","3.28","3.28","3.31","3.27","3.47","3.51","3.65","2.91","3.68","3.53","3.79","3.37","3.57","3.62","3.47","3.74"
"Frozen green beans, 750 grams 5","3.07","2.84","2.88","3.04","2.73","3.10","3.10","2.76","2.99","2.95","2.96","3.06","2.99","2.90","2.85","3.16","2.85","3.09","3.18","3.11","3.08","3.21","3.20","3.20","3.14","3.17","3.02","3.12","2.84","3.18","3.18","3.28","3.20","3.18","3.04","3.05","3.09","2.99","2.92","3.02","2.98","3.07","3.18","3.31","3.22","3.34","3.23","3.12","3.15","3.11","2.94","3.18","2.95","3.25","3.28","3.18","3.11","3.23","3.17","3.20","3.19","3.23","3.20","3.44","3.32","3.31","3.54","3.56","3.60","3.59","3.54","3.58","3.54","3.64","3.59","3.82","3.65","3.87","4.02","3.64","3.90","3.89","3.75","3.67","3.69","3.63","3.66","3.79","3.66"
"Frozen broccoli, 500 grams 4","3.14","2.97","3.13","2.94","3.07","3.21","3.17","2.93","3.10","3.10","3.01","3.20","3.15","2.92","2.96","3.11","2.66","3.21","2.97","3.12","2.83","3.31","3.24","3.27","3.18","3.13","2.87","3.02","2.78","3.00","3.14","3.22","3.18","2.97","3.30","3.34","3.37","3.18","2.97","3.16","3.04","2.97","3.30","3.41","3.66","3.79","3.82","3.98","3.87","3.45","3.28","3.45","3.16","3.40","3.67","3.93","3.30","3.68","3.41","3.70","3.89","3.83","3.83","3.87","3.80","3.95","4.04","4.08","4.00","4.29","4.33","4.30","4.23","4.14","3.68","3.97","3.55","3.96","4.00","3.35","4.00","3.97","3.82","3.98","3.94","3.73","3.54","3.71","3.30"
"Frozen corn, 750 grams  5","2.95","2.57","2.62","2.84","2.41","2.89","2.97","2.53","2.84","2.88","2.87","2.99","2.94","2.69","2.74","3.00","2.52","2.93","2.92","2.88","2.93","3.04","3.08","3.06","3.10","3.06","2.88","2.94","2.60","3.01","2.94","3.03","2.97","2.93","3.10","3.03","3.02","2.79","2.69","2.89","2.72","2.95","3.12","3.35","3.37","3.45","3.41","3.25","3.28","3.14","2.89","3.27","2.95","3.43","3.32","3.20","2.98","3.17","3.19","3.26","3.19","3.24","3.19","3.37","3.34","3.41","3.58","3.55","3.48","3.65","3.68","3.76","3.63","3.60","3.48","3.73","3.45","3.67","3.73","3.13","3.64","3.74","3.73","3.72","3.69","3.58","3.37","3.71","3.20"
"Frozen mixed vegetables, 750 grams  5","3.13","2.94","2.97","3.07","2.86","3.10","3.12","2.88","3.10","3.04","3.07","3.09","3.07","2.93","2.95","3.13","2.84","3.14","3.04","3.07","2.95","3.07","3.05","3.08","3.07","3.09","2.90","3.12","2.86","3.10","3.08","3.09","3.07","3.02","3.07","3.06","3.10","2.96","2.84","2.91","2.88","2.93","3.03","3.11","3.06","3.17","3.23","3.20","3.22","3.06","2.96","3.25","3.04","3.30","3.23","3.17","3.03","3.12","3.14","3.16","3.15","3.22","3.12","3.28","3.25","3.38","3.54","3.47","3.44","3.75","3.69","3.72","3.65","3.67","3.56","3.72","3.64","3.54","3.61","3.44","3.58","3.68","3.65","3.58","3.63","3.50","3.54","3.59","3.50"
"Frozen peas, 750 grams 5","3.03","2.71","2.75","2.94","2.54","3.00","3.09","2.64","2.89","2.96","2.93","3.03","3.08","2.82","2.85","3.07","2.71","3.07","3.01","2.98","3.04","3.19","3.17","3.15","3.12","3.10","2.91","3.03","2.77","3.08","3.05","3.01","2.95","3.13","3.14","3.06","3.12","2.86","2.72","2.92","2.78","3.05","3.16","3.27","3.22","3.22","3.22","3.04","3.13","3.07","2.83","3.19","2.85","3.34","3.27","3.14","2.95","3.10","3.13","3.17","3.15","3.23","3.15","3.36","3.32","3.39","3.59","3.50","3.43","3.57","3.60","3.64","3.75","3.57","3.46","3.68","3.47","3.66","3.73","3.13","3.56","3.64","3.62","3.58","3.62","3.53","3.35","3.63","3.17"
"Frozen pizza, 390 grams 5","4.21","4.10","3.91","3.90","4.10","3.90","3.97","3.91","4.28","4.34","4.19","4.15","4.30","3.84","4.24","4.11","4.15","4.29","4.33","4.30","3.81","4.18","4.50","4.22","4.16","3.98","4.09","4.09","4.10","3.90","4.39","3.98","4.06","4.67","4.39","4.33","4.36","4.05","3.96","3.94","4.24","4.27","4.06","3.89","3.86","4.10","4.15","4.27","4.23","3.98","4.35","4.16","4.00","4.20","4.25","4.17","4.13","4.17","4.21","4.27","4.32","4.35","4.55","4.75","4.56","4.72","4.78","4.65","5.24","4.81","5.12","5.05","5.13","4.75","4.91","4.82","5.01","4.63","4.75","4.62","4.66","5.00","4.97","4.79","4.68","4.50","4.75","4.93","4.76"
"Frozen spinach, 300 grams 5","1.84","1.83","1.81","1.77","1.88","1.78","1.82","1.75","1.72","1.74","1.82","1.86","1.59","1.42","1.71","1.80","1.97","1.75","1.82","1.56","1.78","1.81","1.67","1.77","1.69","1.64","1.47","1.64","1.67","1.74","1.81","1.80","1.83","1.44","1.74","1.79","1.65","1.62","1.39","1.70","1.81","1.83","2.03","1.61","1.84","1.80","1.90","2.08","2.05","1.93","1.54","1.95","1.71","1.98","1.95","1.97","1.82","1.71","1.89","2.06","1.96","2.06","1.85","2.00","2.19","1.97","2.24","2.14","2.13","2.19","2.06","2.10","2.06","2.11","1.93","2.03","1.99","1.86","1.93","1.91","1.96","1.87","1.83","1.82","1.87","1.85","1.84","1.87","1.93"
"Frozen strawberries, 600 grams 4","4.49","4.41","4.25","4.36","3.92","4.36","4.23","3.83","3.80","4.16","4.03","4.33","4.29","4.25","4.37","4.04","4.10","4.34","4.44","4.13","3.97","4.37","4.41","4.27","4.43","4.43","4.22","4.49","4.52","4.32","4.66","4.69","4.59","4.66","5.05","4.46","4.26","4.31","4.56","4.42","4.43","4.35","4.49","4.33","4.35","4.42","4.34","4.39","4.59","4.30","4.60","4.61","4.63","4.71","4.68","4.89","4.60","5.08","5.02","5.17","5.17","5.16","5.08","5.09","5.18","5.35","5.51","5.45","5.20","5.03","5.00","5.23","5.30","5.23","5.25","5.41","5.26","5.24","5.19","5.32","5.13","5.44","5.19","4.93","4.91","5.15","5.09","5.00","5.21"
"White bread, 675 grams 5","2.97","2.94","3.01","2.93","3.18","2.99","2.85","3.13","3.03","2.93","3.05","2.94","3.01","2.91","3.00","3.07","3.14","3.07","3.05","3.10","2.81","2.94","3.01","2.87","3.00","3.02","2.99","2.91","3.10","2.96","2.90","3.11","3.11","2.82","2.96","3.01","3.18","2.99","3.02","3.06","3.15","3.12","3.10","3.10","3.17","2.97","2.97","3.06","3.18","3.17","3.24","3.39","3.42","3.45","3.44","3.60","3.78","3.68","3.78","3.76","3.71","3.76","3.83","3.93","4.14","4.16","4.06","3.98","4.02","3.91","3.89","3.85","3.80","3.86","3.57","3.95","4.12","3.89","3.80","3.67","3.79","3.82","3.83","3.76","3.82","3.84","3.76","3.68","3.81"
"Flatbread and pita, 500 grams  5","3.70","3.45","3.31","3.70","3.67","3.63","3.49","3.47","3.27","3.55","3.73","3.80","3.82","3.86","3.46","3.71","3.76","3.71","3.96","3.79","3.66","3.82","3.59","3.30","3.63","3.60","3.49","3.72","3.74","3.59","3.52","3.62","3.28","3.42","3.44","3.56","3.71","3.59","3.48","3.37","3.33","3.63","3.23","3.32","3.19","3.29","3.07","3.19","3.12","3.13","2.94","2.89","2.99","3.25","3.22","3.18","3.23","3.21","3.24","3.43","3.59","3.51","3.59","3.81","3.88","3.98","4.07","3.91","4.05","4.01","4.24","4.30","4.28","4.45","4.35","4.40","4.51","3.84","3.77","3.40","3.76","3.87","3.89","3.90","3.82","3.75","3.54","3.75","3.75"
"Crackers and crisp breads, 200 grams  4","2.37","2.36","2.38","2.47","2.10","2.45","2.50","2.47","2.70","2.30","2.38","2.34","2.33","2.28","2.48","2.32","2.24","2.41","2.42","2.28","2.26","2.51","2.36","2.36","2.36","2.30","2.38","2.28","2.11","2.29","2.34","2.22","2.40","2.39","2.49","2.31","2.37","2.37","2.43","2.37","2.22","2.46","2.38","2.27","2.33","2.31","2.40","2.34","2.45","2.33","2.31","2.42","2.43","2.42","2.52","2.54","2.52","2.65","2.65","2.61","2.71","2.62","2.59","2.77","2.70","2.87","2.85","2.84","2.81","2.86","2.90","2.91","2.93","2.85","2.79","2.77","2.60","2.89","2.87","2.77","2.86","2.68","3.16","2.69","2.84","3.01","3.02","3.00","2.87"
"Cookies and sweet biscuits, 300 grams  5","2.51","2.36","2.69","2.59","2.43","2.59","2.54","2.56","2.50","2.66","2.51","2.60","2.55","2.47","2.71","2.72","2.67","2.77","2.83","2.71","2.50","2.58","2.65","2.73","2.67","2.56","2.69","2.65","2.61","2.67","2.60","2.58","2.60","2.67","2.68","2.66","2.72","2.65","2.78","2.61","2.66","2.68","2.70","2.67","2.66","2.79","2.68","2.69","2.69","2.66","2.63","2.65","2.50","2.76","2.81","2.81","2.80","2.94","2.94","3.03","3.00","3.02","2.95","2.87","3.11","3.26","3.37","3.33","3.46","3.40","3.17","3.35","3.42","3.41","3.30","3.24","3.30","3.24","3.31","3.28","3.28","3.20","3.42","3.36","3.15","3.38","3.38","3.37","3.36"
"Dry or fresh pasta, 500 grams 5","2.60","2.52","2.49","2.53","2.64","2.41","2.40","2.41","2.67","2.56","2.52","2.65","2.65","2.67","2.64","2.41","2.72","2.58","2.69","2.44","2.63","2.61","2.52","2.58","2.65","2.55","2.54","2.51","2.74","2.65","2.60","2.56","2.75","2.75","2.89","2.79","2.65","2.64","2.59","2.74","2.78","2.72","2.83","2.84","2.62","2.66","2.73","2.58","2.73","2.88","2.69","2.77","2.88","2.82","2.93","3.18","3.13","3.11","3.09","3.21","3.24","3.50","3.50","3.37","3.69","3.72","3.69","3.85","3.87","3.75","3.49","3.57","3.65","3.63","3.69","3.63","3.65","3.36","3.17","3.24","3.26","3.46","3.37","3.49","3.45","3.24","3.41","3.34","3.23"
"Brown rice, 900 grams  5","4.64","4.47","4.50","4.51","4.56","4.62","4.60","4.48","4.62","4.63","4.57","4.68","4.62","4.54","4.42","4.54","4.41","4.43","4.46","4.60","4.39","4.46","4.39","4.48","4.53","4.46","4.43","4.55","4.54","4.88","4.86","5.10","5.21","5.22","5.07","4.92","4.88","4.92","4.88","4.98","5.26","5.04","5.42","5.23","5.10","5.22","5.39","5.31","5.37","5.18","5.59","5.49","5.68","5.71","5.55","5.67","5.99","6.36","6.18","6.17","6.48","6.47","6.34","6.22","6.30","6.19","6.35","6.62","6.48","6.14","6.53","6.62","6.68","6.48","6.44","6.37","6.53","6.37","6.31","6.42","6.26","6.40","6.68","6.26","6.35","6.50","6.79","6.40","6.30"
"White rice, 2 kilograms 5","6.94","7.12","7.27","7.12","7.30","7.35","7.26","7.28","7.14","7.11","7.02","7.21","7.07","7.09","7.58","7.48","7.36","7.50","7.67","7.76","7.68","7.47","7.36","7.43","7.43","7.47","7.51","7.70","7.99","8.17","8.40","8.48","8.48","8.42","8.54","8.48","8.07","8.19","8.31","8.33","8.32","8.24","8.47","8.44","8.21","8.42","8.35","8.32","8.33","8.09","8.50","8.83","8.31","8.94","9.11","9.02","8.92","8.87","8.92","8.78","9.21","9.05","8.97","9.04","9.22","9.52","9.28","9.59","9.51","9.91","9.53","9.70","9.68","9.92","9.72","9.57","9.50","9.44","9.19","9.16","9.47","8.02","7.89","8.21","8.92","8.41","8.32","8.97","8.21"
"Cereal, 400 grams 5","3.25","3.19","3.29","3.21","3.19","3.16","3.14","3.21","3.23","3.17","3.30","3.31","3.20","3.08","3.11","3.16","3.24","3.14","3.15","3.23","3.10","3.13","3.14","3.25","3.08","3.20","3.18","3.13","3.26","3.11","3.16","3.33","3.33","3.20","3.27","3.30","3.27","3.29","3.19","3.24","3.33","3.26","3.32","3.25","3.22","3.33","3.37","3.41","3.31","3.29","3.41","3.39","3.57","3.43","3.53","3.81","3.98","3.97","3.82","3.79","3.85","3.95","4.05","4.02","4.07","4.04","4.00","4.08","4.11","4.24","4.20","4.18","4.13","4.04","4.23","4.14","4.09","4.19","4.20","4.19","4.24","4.19","4.11","4.29","4.19","4.14","4.33","4.16","4.28"
"Wheat flour, 2.5 kilograms 5","4.50","4.54","4.60","4.41","4.47","4.77","4.52","4.51","4.72","4.91","4.53","4.89","4.61","4.72","4.79","4.51","4.58","5.03","4.86","4.79","4.42","4.69","4.70","4.67","4.48","4.55","4.45","4.48","4.47","4.65","4.49","4.76","4.90","5.74","5.33","5.02","5.07","4.90","4.62","4.84","4.77","4.92","4.99","4.82","4.86","4.96","5.02","4.97","4.97","4.83","4.66","4.90","4.80","5.12","5.12","5.32","5.36","5.45","5.39","5.55","5.82","5.75","5.63","5.49","5.84","5.95","6.06","5.79","5.70","5.87","5.81","5.81","5.73","5.68","5.68","5.54","5.66","5.83","5.60","4.26","5.03","5.20","5.01","5.25","5.32","5.35","4.65","5.26","5.15"
"White sugar, 2 kilograms 5","3.04","3.07","3.07","3.10","3.09","3.12","3.08","3.05","3.05","3.06","3.07","3.00","3.00","3.11","3.08","2.84","2.86","3.07","3.08","2.85","2.73","2.87","2.73","2.88","3.05","2.76","3.02","3.08","2.91","3.07","2.87","2.78","3.03","3.08","2.98","2.84","2.97","2.76","2.83","2.33","2.81","2.89","2.94","2.35","2.92","2.66","2.75","2.61","2.62","2.50","2.84","2.53","2.66","3.02","3.00","2.72","2.80","2.78","2.85","2.70","3.03","2.85","3.02","2.90","3.03","3.28","3.18","2.64","2.96","3.34","3.00","3.35","3.33","2.86","3.22","3.25","3.14","3.21","3.03","2.89","3.22","3.32","3.24","2.50","3.33","3.29","3.21","3.22","3.35"
"Apple juice, 2 litres 5","3.11","2.97","3.06","2.86","3.01","2.95","2.75","3.16","2.97","2.94","2.79","2.95","2.97","3.00","3.05","2.85","2.96","3.13","3.00","2.71","2.92","2.74","2.63","2.73","2.92","2.89","2.76","2.81","2.90","2.92","2.65","3.10","3.23","3.06","2.86","2.70","2.89","2.86","2.88","2.69","2.91","2.77","2.93","2.88","3.05","2.94","2.82","2.84","2.44","3.05","2.76","3.09","3.22","3.20","3.10","3.18","3.28","3.43","3.47","3.42","3.45","3.55","3.35","3.44","3.47","3.55","3.78","3.84","3.90","3.84","3.97","3.99","3.85","4.06","4.06","4.10","4.22","3.88","3.91","3.97","3.91","4.17","4.07","3.88","3.82","4.24","4.15","4.20","4.14"
"Orange juice, 2 litres 5","3.83","3.91","3.91","3.86","3.86","3.84","3.80","3.76","3.78","3.73","3.79","3.85","3.96","3.87","3.85","3.76","3.74","3.89","3.96","3.87","3.79","3.88","3.65","3.83","3.84","3.82","3.74","3.66","3.67","3.92","3.94","3.97","4.03","4.12","3.91","3.90","3.90","3.83","3.79","3.80","3.70","3.74","3.97","3.89","3.90","3.81","3.80","3.98","4.03","4.03","3.87","4.03","4.05","3.98","4.25","4.22","4.12","4.09","4.18","4.10","4.16","4.22","3.88","4.07","4.21","4.11","4.30","4.54","4.42","4.62","4.63","4.76","4.67","4.85","4.88","4.80","5.04","5.19","5.30","5.78","5.58","5.47","5.61","5.41","5.65","5.51","5.55","5.71","5.58"
"Roasted or ground coffee, 340 grams 5","5.43","5.53","5.34","5.11","5.54","5.44","5.49","5.22","5.52","5.42","5.41","5.47","5.53","5.47","5.57","5.25","5.54","5.74","5.48","5.12","5.49","5.56","5.48","5.70","5.68","5.65","5.75","5.48","5.70","5.51","5.44","5.74","5.77","5.56","5.63","5.89","5.91","5.63","5.66","5.62","5.70","5.74","5.95","5.74","5.59","5.90","5.89","5.91","5.94","5.78","5.75","5.74","5.98","5.98","6.33","6.00","6.21","6.11","6.45","6.44","6.67","6.49","5.93","6.63","6.89","6.74","6.95","6.65","6.70","6.86","7.10","7.10","7.10","6.95","6.68","6.85","6.96","6.50","6.66","6.65","6.51","6.94","7.19","7.16","7.51","7.31","6.97","7.22","7.40"
"Tea (20 bags) 4","3.60","3.22","3.47","3.25","3.37","3.56","3.54","3.51","3.71","3.53","3.62","3.63","3.62","3.64","3.40","3.13","3.26","3.37","3.42","3.37","3.55","3.37","3.52","3.49","3.50","3.51","3.43","3.50","3.59","3.42","3.42","3.53","3.63","3.81","3.68","3.69","3.83","3.75","3.71","3.70","3.67","3.68","3.95","3.90","3.99","4.14","4.04","3.96","3.90","3.95","3.82","3.95","3.74","3.98","4.03","3.91","4.16","4.04","4.11","4.43","4.43","4.43","4.45","4.06","4.38","4.33","4.44","4.37","4.55","4.55","4.33","4.75","4.78","4.58","4.66","4.51","4.30","4.52","4.41","4.45","4.57","4.54","4.70","4.94","4.59","4.22","4.20","4.02","3.91"
"Ketchup, 1 litre 5","2.99","3.08","3.08","3.20","3.21","3.16","3.35","3.24","3.14","3.14","3.18","3.22","3.25","3.15","2.93","3.24","3.28","3.28","3.36","3.16","3.06","3.02","3.04","3.02","3.14","3.07","3.14","3.00","3.15","3.16","3.22","3.17","3.29","3.13","3.06","3.01","3.10","3.14","3.12","3.28","3.30","3.22","3.33","3.26","3.21","3.10","3.02","3.10","3.11","3.15","3.41","3.56","3.75","3.72","3.85","3.98","4.06","4.02","3.97","3.96","4.01","4.07","3.94","3.93","4.15","4.02","4.13","4.28","4.17","4.27","4.34","4.09","4.35","4.43","4.65","4.64","4.59","4.65","4.55","4.71","4.45","4.71","4.21","4.64","4.68","4.79","4.82","4.68","4.85"
"Vegetable oil, 3 litres 5","11.44","9.85","10.82","10.45","11.18","9.67","9.32","7.85","9.70","8.99","9.35","9.69","9.95","9.79","8.17","10.08","10.75","6.97","9.50","6.38","8.94","7.72","8.81","8.55","8.31","6.26","8.04","8.54","8.84","7.50","7.93","7.51","8.28","7.93","6.85","7.82","8.16","8.01","6.70","6.49","7.24","7.19","7.51","7.34","8.68","9.06","9.32","9.70","9.78","10.93","12.03","13.13","13.27","12.67","12.81","11.83","12.61","12.54","12.93","14.51","13.78","14.06","13.58","15.00","15.03","13.90","15.19","14.50","15.39","15.34","14.90","13.72","13.15","13.52","13.17","14.05","14.83","13.41","13.64","11.67","13.94","13.32","11.97","13.37","13.49","12.70","10.95","13.24","13.00"
"Canola oil, 3 litres 5","6.31","6.43","6.32","6.55","6.63","6.04","6.18","6.14","6.36","6.30","6.30","6.20","6.31","6.31","6.27","6.39","6.59","6.53","6.89","6.26","6.43","6.26","6.41","6.38","6.52","6.77","6.34","6.06","6.26","6.22","6.23","6.73","6.88","6.96","6.25","6.24","6.12","6.60","6.20","6.72","6.88","6.22","6.43","6.34","6.56","7.85","7.78","8.48","8.57","9.47","9.13","9.24","10.10","8.68","10.28","10.56","10.91","10.47","10.62","11.94","12.06","11.54","10.79","11.54","11.73","10.84","11.41","11.76","11.14","11.72","11.62","11.64","11.42","11.45","11.44","11.25","10.99","11.10","11.27","10.85","10.89","10.48","8.54","9.58","10.45","10.15","9.31","10.45","10.87"
"Olive oil, 1 litre 5","9.53","9.77","8.44","8.25","9.45","9.96","8.42","9.73","9.90","10.05","8.00","9.54","10.12","8.66","8.51","9.36","8.46","9.66","8.18","9.18","8.45","8.81","8.91","8.60","9.31","8.42","7.88","9.06","8.70","7.93","8.70","8.40","8.51","8.33","8.35","8.18","6.77","7.75","7.23","7.66","7.13","8.17","7.40","8.14","8.05","8.08","8.57","8.48","8.22","8.53","8.22","9.20","8.59","9.37","8.93","9.71","9.03","9.48","9.51","9.18","9.70","10.24","9.86","10.13","10.84","10.78","11.02","11.61","12.99","12.70","13.26","13.22","13.27","13.46","14.06","14.89","15.32","14.86","15.51","16.25","16.53","16.36","17.09","16.87","17.12","16.05","17.66","17.12","17.04"
"Baby food, 128 millilitres 5","1.29","1.32","1.29","1.28","1.27","1.25","1.26","1.28","1.24","1.28","1.24","1.25","1.26","1.21","1.24","1.28","1.31","1.34","1.32","1.32","1.25","1.28","1.33","1.29","1.31","1.26","1.30","1.28","1.31","1.29","1.29","1.31","1.31","1.27","1.27","1.32","1.33","1.32","1.29","1.31","1.25","1.29","1.30","1.30","1.30","1.29","1.32","1.34","1.37","1.34","1.32","1.30","1.31","1.31","1.32","1.34","1.34","1.31","1.34","1.34","1.35","1.41","1.41","1.41","1.47","1.46","1.56","1.63","1.61","1.61","1.64","1.64","1.58","1.52","1.44","1.49","1.48","1.46","1.53","1.47","1.48","1.53","1.59","1.56","1.54","1.56","1.56","1.55","1.54"
"Infant formula, 900 grams  5","30.17","30.30","30.53","30.56","30.64","31.25","30.02","30.09","29.81","30.16","30.40","29.11","30.37","30.49","30.99","31.71","32.12","32.17","31.01","31.47","31.24","31.19","30.61","30.98","31.47","30.35","30.12","30.55","30.86","29.41","30.30","30.86","30.28","29.23","31.18","29.68","29.46","29.32","29.47","29.71","29.77","29.57","29.83","31.33","31.33","31.47","31.04","32.32","31.90","31.47","30.27","31.82","29.52","29.29","29.09","29.55","30.02","31.07","32.88","32.11","31.79","30.86","32.66","35.67","36.06","38.64","34.85","34.47","34.35","34.74","37.30","38.18","38.47","38.12","39.39","40.85","41.47","40.12","41.90","42.75","43.41","43.72","43.52","45.26","45.00","44.87","44.67","45.06","43.10"
"Peanut butter, 1 kilogram 5","4.27","4.51","5.24","5.35","5.22","4.56","5.17","5.43","5.33","5.31","5.20","5.10","5.21","4.84","4.94","4.84","4.98","5.11","5.08","5.29","5.28","5.29","5.33","5.17","5.37","4.92","5.20","4.87","5.02","5.15","5.10","5.11","5.22","5.10","5.15","5.02","4.94","5.07","4.82","4.98","4.98","5.06","5.28","5.56","5.18","5.14","5.28","5.17","4.99","5.31","5.24","5.59","5.16","5.01","5.42","5.50","5.46","5.42","5.64","5.32","5.09","5.36","5.51","5.57","5.74","5.52","5.87","6.24","6.22","6.31","6.60","6.44","6.33","6.52","6.38","6.60","6.65","6.02","6.11","6.01","5.95","6.52","6.32","6.20","6.09","6.16","6.27","6.37","6.38"
"Mayonnaise, 890 millilitres  5","4.53","4.59","4.54","4.58","4.56","4.51","4.60","4.45","4.46","4.45","4.43","4.44","4.50","4.76","4.49","4.63","4.52","4.71","4.58","4.46","4.31","4.42","4.05","4.47","4.56","4.58","4.43","4.42","4.34","4.54","4.53","4.60","4.64","4.27","4.31","4.41","4.28","4.29","4.50","4.51","4.55","4.45","4.57","4.55","4.49","4.26","4.18","4.75","4.93","5.23","5.29","5.30","5.19","5.21","5.38","5.74","5.76","5.82","5.88","6.28","6.21","6.28","6.00","6.01","6.27","6.27","6.41","6.53","6.33","6.25","6.21","6.35","6.31","6.58","6.58","6.45","6.42","6.26","6.12","6.26","6.30","6.38","6.35","6.27","6.36","6.45","6.41","6.44","6.40"
"Canned baked beans, 398 millilitres 5","1.30","1.27","1.27","1.35","1.39","1.20","1.23","1.27","1.22","1.21","1.17","1.22","1.19","1.31","1.27","1.25","1.36","1.31","1.31","1.32","1.36","1.30","1.24","1.33","1.31","1.19","1.36","1.24","1.24","1.28","1.25","1.31","1.50","1.40","1.30","1.23","1.31","1.35","1.25","1.28","1.28","1.24","1.26","1.23","1.23","1.23","1.17","1.17","1.21","1.22","1.37","1.40","1.44","1.41","1.43","1.35","1.43","1.41","1.48","1.64","1.47","1.65","1.67","1.60","1.67","1.59","1.75","1.70","1.79","1.68","1.69","1.64","1.80","1.90","2.06","1.69","1.95","1.74","1.62","1.81","1.92","1.89","1.87","1.69","1.93","1.99","2.00","2.03","2.00"
"Canned tomatoes, 796 millilitres 5","1.23","1.38","1.38","1.41","1.46","1.34","1.33","1.36","1.32","1.38","1.29","1.41","1.39","1.41","1.50","1.42","1.42","1.52","1.44","1.56","1.54","1.44","1.40","1.36","1.37","1.56","1.57","1.50","1.52","1.51","1.43","1.65","1.58","1.61","1.64","1.64","1.48","1.53","1.47","1.43","1.48","1.41","1.52","1.55","1.56","1.59","1.53","1.51","1.64","1.52","1.47","1.44","1.51","1.46","1.49","1.50","1.44","1.50","1.59","1.59","1.67","1.70","1.71","1.70","1.86","1.83","1.96","1.92","1.98","2.03","2.08","2.00","2.09","1.99","2.10","2.18","2.15","2.07","2.17","2.24","2.19","2.18","2.21","2.16","2.20","2.10","2.18","2.19","2.22"
"Canned soup, 284 millilitres 5","1.65","1.49","1.34","1.38","1.51","1.55","1.12","1.32","1.37","1.67","1.45","1.47","1.48","1.34","1.33","1.69","1.47","1.83","1.19","1.28","1.45","1.86","1.40","1.48","1.53","1.40","1.46","1.69","1.56","1.85","1.13","1.28","1.45","1.27","1.29","1.37","1.56","1.37","1.34","1.34","1.33","1.26","1.45","1.36","1.70","1.25","1.39","1.49","1.25","1.64","1.26","1.74","1.53","1.87","1.62","1.66","1.81","1.94","1.61","1.60","2.19","2.16","1.62","1.71","1.79","1.68","2.08","1.88","1.81","2.08","1.95","2.06","2.26","2.04","1.76","1.93","1.86","1.69","1.44","1.62","1.55","1.58","1.72","1.55","1.60","1.44","1.46","1.42","1.30"
"Canned beans and lentils, 540 millilitres 4","1.13","1.19","1.16","1.22","1.23","1.14","1.19","1.24","1.22","1.20","1.15","1.16","1.19","1.18","1.28","1.20","1.26","1.23","1.18","1.23","1.25","1.20","1.20","1.23","1.25","1.26","1.23","1.22","1.26","1.28","1.24","1.32","1.32","1.31","1.39","1.39","1.28","1.29","1.32","1.34","1.29","1.28","1.27","1.25","1.25","1.26","1.29","1.28","1.32","1.31","1.29","1.38","1.35","1.37","1.41","1.45","1.47","1.56","1.56","1.55","1.56","1.50","1.42","1.46","1.54","1.57","1.62","1.59","1.68","1.65","1.69","1.68","1.69","1.63","1.64","1.74","1.84","1.66","1.72","1.66","1.65","1.70","1.71","1.66","1.73","1.66","1.68","1.64","1.65"
"Canned corn, 341 millilitres 5","1.13","1.13","1.11","1.12","1.04","1.09","1.11","1.10","1.11","1.13","1.11","1.02","1.12","1.08","1.09","1.07","0.94","1.12","1.12","1.14","1.11","1.17","1.12","1.12","1.17","1.23","1.14","1.21","1.13","1.21","1.20","1.27","1.23","1.29","1.33","1.41","1.54","1.61","1.34","1.22","1.14","1.24","1.34","1.36","1.38","1.36","1.31","1.35","1.34","1.34","1.24","1.28","1.19","1.30","1.36","1.32","1.21","1.37","1.36","1.43","1.65","1.48","1.33","1.38","1.34","1.42","1.54","1.56","1.46","1.58","1.68","1.67","1.70","1.54","1.43","1.67","1.52","1.59","1.73","1.58","1.73","1.72","1.70","1.67","1.73","1.73","1.60","1.63","1.63"
"Canned peach, 398 millilitres 5","2.17","2.12","2.21","2.15","2.15","2.10","2.35","2.26","2.17","2.23","2.24","2.29","2.32","2.32","2.20","2.10","2.15","2.16","1.82","2.09","2.04","2.04","2.14","2.10","2.11","2.18","2.23","2.02","2.26","2.18","1.96","2.28","1.96","2.13","2.20","2.21","2.18","2.10","2.14","2.12","1.82","2.17","2.19","2.20","2.20","2.19","2.21","2.19","2.13","2.06","2.09","2.13","2.17","2.24","2.21","2.07","2.09","2.06","2.09","2.08","2.17","2.44","2.34","2.62","2.29","2.73","2.81","2.56","2.60","2.60","2.45","2.50","2.61","2.59","2.70","2.58","2.64","2.42","2.42","2.33","2.42","2.41","2.36","2.34","2.38","2.42","2.38","2.38","2.36"
"Canned pear, 398 millilitres 5","2.26","1.68","2.26","2.31","2.27","2.11","2.32","2.22","2.17","2.20","2.17","2.20","2.08","2.10","2.20","2.11","2.14","2.17","2.07","2.07","2.02","2.02","2.08","2.04","2.03","2.12","2.20","2.03","2.27","2.14","2.00","2.29","2.14","2.31","2.26","2.29","2.32","2.05","2.18","2.17","2.34","2.23","2.25","2.26","2.24","2.27","2.30","2.29","2.17","2.06","2.13","2.20","2.27","2.29","2.27","2.18","2.18","2.14","2.17","2.15","2.25","2.50","2.44","2.63","2.52","2.70","2.67","2.52","2.52","2.59","2.55","2.60","2.63","2.63","2.73","2.69","2.82","2.64","2.69","2.44","2.76","2.80","2.80","2.75","2.73","2.69","2.71","2.69","2.68"
"Dried lentils, 900 grams 5","3.30","3.29","3.45","3.47","3.36","3.45","3.54","3.51","3.51","3.39","3.23","3.40","3.50","3.43","3.62","3.48","3.43","3.52","3.62","3.39","3.54","3.32","3.38","3.39","3.23","3.30","3.38","3.29","3.49","3.59","3.48","3.38","3.24","3.37","3.03","3.02","3.11","3.20","3.06","3.07","3.27","3.37","3.33","3.06","3.12","3.20","3.17","3.26","3.24","3.25","3.14","3.28","3.35","3.57","3.65","3.66","3.61","3.67","3.85","3.81","3.87","3.93","3.84","3.69","3.83","4.12","4.12","4.07","4.02","3.73","3.95","4.00","4.02","3.89","3.96","4.03","3.98","4.14","4.06","4.00","3.98","4.04","3.95","3.75","3.90","3.94","3.72","3.78","3.72"
"Dry beans and legumes, 900 grams  5","2.93","2.84","3.05","3.02","2.89","3.03","3.11","3.01","3.05","2.88","2.72","2.87","3.04","2.98","3.17","3.10","3.09","3.21","3.23","2.98","3.23","3.02","2.94","3.11","2.93","2.92","2.96","2.86","3.02","3.26","3.15","3.09","3.09","3.18","2.99","2.87","2.92","2.95","2.70","2.74","3.01","2.96","3.00","2.82","2.86","2.89","2.76","2.95","2.93","2.89","2.74","2.83","2.89","3.14","3.29","3.34","3.35","3.45","3.57","3.61","3.63","3.67","3.57","3.25","3.35","3.68","3.65","3.60","3.47","3.57","3.59","3.55","3.59","3.43","3.43","3.52","3.54","3.56","3.39","3.38","3.31","3.41","3.34","3.34","3.36","3.33","3.43","3.39","3.32"
"Tofu, 350 grams  5","2.11","2.09","2.08","2.10","2.14","2.12","2.11","2.14","2.13","2.12","2.12","2.15","2.21","2.21","2.23","2.23","2.21","2.34","2.27","2.26","2.27","2.29","2.31","2.26","2.21","2.21","2.27","2.27","2.30","2.32","2.29","2.29","2.32","2.34","2.35","2.36","2.37","2.36","2.38","2.55","2.60","2.59","2.50","2.46","2.45","2.55","2.51","2.32","2.56","2.58","2.59","2.56","2.52","2.49","2.77","2.73","2.72","2.70","2.81","2.96","2.93","2.98","3.01","3.01","2.80","2.65","3.14","3.01","3.10","2.79","2.75","2.85","2.59","2.60","2.67","2.58","2.66","2.70","2.58","2.67","2.81","2.74","2.87","2.78","2.69","2.72","2.82","2.71","2.79"
"Hummus, 227 grams 5","3.29","3.31","3.15","3.26","3.17","3.19","3.31","3.29","3.37","3.27","3.37","3.38","3.37","3.38","3.38","3.44","3.21","3.25","3.41","3.35","3.31","3.20","3.27","3.19","3.31","3.35","3.35","3.28","3.22","3.37","3.39","3.50","3.42","3.25","3.34","3.40","3.41","3.44","3.29","3.48","3.33","3.39","3.43","3.42","3.30","3.36","3.32","3.42","3.42","3.43","3.34","3.36","3.34","3.35","3.36","3.46","3.57","3.64","3.47","3.66","3.77","3.81","3.72","3.84","3.85","3.93","3.95","4.05","4.02","3.86","3.87","3.94","3.84","3.93","3.80","3.82","3.56","3.69","3.73","3.82","3.89","3.84","4.03","3.97","3.99","3.87","3.63","3.64","3.68"
"Salsa, 418 millilitres 5","3.30","3.30","3.36","3.32","3.23","3.25","3.20","3.27","3.26","3.25","3.19","3.24","3.29","3.36","3.29","3.08","3.06","3.22","3.19","3.23","3.22","3.19","3.22","3.21","3.25","3.26","3.34","3.23","3.39","3.24","3.27","3.37","3.33","3.43","3.35","3.37","3.45","3.33","3.42","3.33","3.31","3.31","3.34","3.37","3.40","3.49","3.49","3.40","3.35","3.34","3.48","3.53","3.53","3.63","3.71","3.81","3.65","3.78","3.94","4.06","4.00","4.09","4.11","3.94","4.08","4.36","4.24","4.33","4.52","4.60","4.55","4.64","4.75","4.74","4.73","4.63","4.62","4.72","4.44","4.77","4.78","4.53","4.62","4.74","4.85","4.84","4.70","4.74","4.70"
"Pasta sauce, 650 millilitres 5","2.35","2.22","2.13","2.23","2.33","2.09","2.08","2.07","2.07","2.12","2.12","2.24","2.19","2.16","2.23","2.20","2.39","2.22","2.05","2.07","2.23","2.27","2.23","2.25","2.35","2.21","2.26","2.16","2.35","2.29","2.15","2.40","2.40","2.48","2.33","2.26","2.30","2.21","2.26","2.28","2.33","2.18","2.26","2.38","2.18","2.40","2.34","2.49","2.38","2.28","2.48","2.43","2.59","2.41","2.44","2.44","2.50","2.61","2.71","2.75","2.77","2.93","2.92","2.80","2.87","2.98","3.00","3.07","2.92","3.13","3.12","3.19","3.32","2.83","3.18","3.17","3.37","3.14","3.04","3.00","2.99","3.10","3.04","3.00","3.18","3.11","3.14","3.07","3.03"
"Salad dressing, 475 millilitres 5","2.35","2.48","2.50","2.43","2.27","2.61","2.59","2.38","2.27","2.22","2.28","2.29","2.24","2.23","2.42","2.52","2.30","2.65","2.68","2.39","2.38","2.30","2.25","2.32","2.45","2.32","2.28","2.36","2.45","2.44","2.46","2.47","2.52","2.34","2.44","2.35","2.28","2.44","2.38","2.59","2.46","2.58","2.50","2.49","2.50","2.41","2.45","2.50","2.59","2.70","2.69","2.97","3.03","3.05","3.14","3.35","3.26","3.10","3.03","3.23","3.19","3.31","3.03","3.25","3.34","3.26","3.28","3.38","3.30","3.32","3.27","3.37","3.39","3.35","3.35","3.37","3.33","3.57","3.54","3.48","3.48","3.42","3.28","3.62","3.43","3.46","3.49","3.55","3.63"
"Almonds, 200 grams 5","3.87","4.63","4.17","4.08","4.23","3.88","4.41","4.19","4.88","4.80","4.54","4.78","4.83","5.02","5.11","4.81","4.45","4.74","4.75","4.61","4.75","4.86","4.87","4.88","5.18","4.90","4.75","4.68","4.54","5.14","5.13","5.21","5.22","5.29","5.32","5.38","5.38","5.40","4.38","4.77","4.61","4.98","4.89","5.01","5.05","5.19","5.34","5.35","5.35","5.38","4.94","4.89","4.94","5.15","5.17","5.22","5.14","5.27","5.25","5.16","5.19","5.20","5.04","4.74","4.81","5.00","5.05","4.62","4.91","4.99","4.77","4.90","4.87","4.66","4.80","4.72","4.69","3.93","4.22","4.19","4.25","4.50","4.41","4.45","4.51","4.53","4.38","4.52","4.36"
"Peanuts, 450 grams 5","3.39","3.55","3.62","3.33","3.41","3.46","3.35","3.42","3.53","3.46","3.37","3.44","3.29","3.37","3.57","3.20","3.15","3.23","3.19","3.19","3.38","3.30","3.22","3.43","3.48","3.32","3.34","3.12","3.15","3.36","3.16","3.32","3.51","3.31","3.37","3.45","3.52","3.26","3.27","3.32","3.31","3.23","3.25","3.41","3.34","3.34","3.31","3.39","3.47","3.39","3.41","3.31","3.20","3.36","3.17","3.40","3.26","3.44","3.28","3.32","3.45","3.72","3.42","3.43","3.74","3.80","3.81","3.90","3.77","3.79","3.62","3.73","3.83","3.94","3.86","3.90","3.92","3.92","3.96","4.08","4.04","4.03","4.07","3.93","4.07","4.07","4.01","3.92","4.08"
"Sunflower seeds, 400 grams  5","3.62","3.76","3.59","3.79","3.80","3.79","3.77","3.87","3.87","3.76","3.82","3.80","3.94","3.95","3.90","4.00","3.96","3.74","3.87","4.08","4.07","4.02","4.08","4.15","4.01","4.03","4.04","4.02","4.16","3.99","4.34","4.37","4.35","4.29","4.30","4.21","4.22","4.23","4.30","4.24","4.29","4.25","4.29","4.27","4.26","4.06","3.97","4.23","4.22","4.13","4.22","4.33","4.34","3.98","4.43","4.25","4.23","4.16","4.05","4.26","4.32","4.31","4.32","4.35","4.45","4.40","4.47","4.59","4.65","4.51","4.21","4.40","4.27","4.27","4.26","4.23","4.21","4.39","4.45","4.62","4.57","4.52","4.63","4.87","4.64","4.67","4.51","4.37","4.41"